{"val_loss": [1.1700170190811157, 0.8830587480545043, 1.309862809753418, 0.9258070148468017, 0.8327757985115051, 0.7696117932319642, 0.7491834122657776, 0.7210475526809692, 0.6843968828201294, 0.6699093220710755, 0.6694433662414551, 0.6485658877372742, 0.6121036905288696], "val_accuracy": [0.7354999780654907, 0.8366000056266785, 0.6743000149726868, 0.8300999999046326, 0.8550999760627747, 0.8716999888420105, 0.8801000118255615, 0.8883000016212463, 0.9031999707221985, 0.9068999886512756, 0.9016000032424927, 0.9089000225067139, 0.9186000227928162], "loss": [1.2663109281813634, 0.8851284224804807, 1.2579515737240994, 0.8878390237266912, 0.8012473564425743, 0.7499866413280073, 0.7167555806727285, 0.6915134737225282, 0.6714178478571261, 0.6534727952940332, 0.6364579537792807, 0.6229460371298818, 0.6093651277896686], "accuracy": [0.7067243456840515, 0.8387058973312378, 0.70991450548172, 0.8362841010093689, 0.8668158650398254, 0.8845370411872864, 0.8945249915122986, 0.9021913409233093, 0.9060829877853394, 0.9116448163986206, 0.9154863953590393, 0.9178915023803711, 0.919738233089447]}